timestamp	commit	skill	old_score	new_score	status	dimension	note	eval_mode
2026-06-15T10:30	baseline	thinko-argument-builder	-	19.5	baseline	-	占位文档，仅有功能定位和待实现项；runtime_warn=0	dry_run
2026-06-15T10:30	baseline	thinko-article-refiner	-	19.5	baseline	-	占位文档，仅有功能定位和待实现项；runtime_warn=0	dry_run
2026-06-15T10:30	baseline	thinko-example-finder	-	19.5	baseline	-	占位文档，仅有功能定位和待实现项；runtime_warn=0	dry_run
2026-06-15T10:30	baseline	thinko-idea-spark	-	19.5	baseline	-	占位文档，仅有功能定位和待实现项；runtime_warn=0	dry_run
2026-06-15T10:30	baseline	thinko-insight-extractor	-	19.5	baseline	-	占位文档，仅有功能定位和待实现项；runtime_warn=0	dry_run
2026-06-15T10:30	baseline	thinko-outline-planner	-	19.5	baseline	-	占位文档，仅有功能定位和待实现项；runtime_warn=0	dry_run
2026-06-15T10:30	baseline	thinko-reading-analyzer	-	19.5	baseline	-	占位文档，仅有功能定位和待实现项；runtime_warn=0	dry_run
2026-06-15T10:30	baseline	thinko-report-generator	-	19.5	baseline	-	占位文档，仅有功能定位和待实现项；runtime_warn=0	dry_run
2026-06-15T10:30	baseline	thinko-rewrite-artist	-	19.5	baseline	-	占位文档，仅有功能定位和待实现项；runtime_warn=0	dry_run
2026-06-15T10:30	baseline	thinko-style-polisher	-	19.5	baseline	-	占位文档，仅有功能定位和待实现项；runtime_warn=0	dry_run
2026-06-15T10:30	baseline	thinko-summary-maker	-	19.5	baseline	-	占位文档，仅有功能定位和待实现项；runtime_warn=0	dry_run
2026-06-15T10:30	baseline	thinko-topic-explorer	-	19.5	baseline	-	占位文档，仅有功能定位和待实现项；runtime_warn=0	dry_run
2026-06-15T10:30	baseline	thinko-struct-builder	-	72.2	baseline	-	已有完整交互流程，偏长但可用；runtime_warn=0	dry_run
2026-06-15T10:30	baseline	thinko-template-writer	-	72.2	baseline	-	已有完整交互流程，偏长但可用；runtime_warn=0	dry_run
2026-06-15T10:42	working-tree	thinko-argument-builder	19.5	76.4	keep	工作流清晰度	补齐输入检查、5步流程、输出格式、质量检查、边界处理	dry_run
2026-06-15T10:42	working-tree	thinko-article-refiner	19.5	76.4	keep	工作流清晰度	补齐输入检查、5步流程、输出格式、质量检查、边界处理	dry_run
2026-06-15T10:42	working-tree	thinko-example-finder	19.5	76.4	keep	工作流清晰度	补齐输入检查、5步流程、输出格式、质量检查、边界处理	dry_run
2026-06-15T10:42	working-tree	thinko-idea-spark	19.5	76.4	keep	工作流清晰度	补齐输入检查、5步流程、输出格式、质量检查、边界处理	dry_run
2026-06-15T10:42	working-tree	thinko-insight-extractor	19.5	76.4	keep	工作流清晰度	补齐输入检查、5步流程、输出格式、质量检查、边界处理	dry_run
2026-06-15T10:42	working-tree	thinko-outline-planner	19.5	76.4	keep	工作流清晰度	补齐输入检查、5步流程、输出格式、质量检查、边界处理	dry_run
2026-06-15T10:42	working-tree	thinko-reading-analyzer	19.5	76.4	keep	工作流清晰度	补齐输入检查、5步流程、输出格式、质量检查、边界处理	dry_run
2026-06-15T10:42	working-tree	thinko-report-generator	19.5	76.4	keep	工作流清晰度	补齐输入检查、5步流程、输出格式、质量检查、边界处理	dry_run
2026-06-15T10:42	working-tree	thinko-rewrite-artist	19.5	76.4	keep	工作流清晰度	补齐输入检查、5步流程、输出格式、质量检查、边界处理	dry_run
2026-06-15T10:42	working-tree	thinko-style-polisher	19.5	76.4	keep	工作流清晰度	补齐输入检查、5步流程、输出格式、质量检查、边界处理	dry_run
2026-06-15T10:42	working-tree	thinko-summary-maker	19.5	76.4	keep	工作流清晰度	补齐输入检查、5步流程、输出格式、质量检查、边界处理	dry_run
2026-06-15T10:42	working-tree	thinko-topic-explorer	19.5	76.4	keep	工作流清晰度	补齐输入检查、5步流程、输出格式、质量检查、边界处理	dry_run
2026-06-15T10:42	working-tree	repository	-	-	keep	Runtime适配	README、DISTRIBUTION、安装脚本和打包脚本改为 runtime-neutral；runtime_warn=2→0	dry_run
2026-06-15T10:58	working-tree	thinko-content-planner	76.4	84.1	keep	整体架构	合并选题、创意、提纲、论点、案例为内容策划中枢；默认一次产出，最多2问	dry_run
2026-06-15T10:58	working-tree	thinko-draft-writer	72.2	83.4	keep	实测表现	合并结构、模板、汇报能力；从逐步问答改为直接成稿+信息缺口	dry_run
2026-06-15T10:58	working-tree	thinko-reading-synthesizer	76.4	84.1	keep	整体架构	合并阅读分析、洞察提取、总结纪要；按材料类型直接输出结论	dry_run
2026-06-15T10:58	working-tree	thinko-editor-polisher	76.4	83.8	keep	实测表现	合并文章优化、改写、文风润色；默认先给可替换版本	dry_run
2026-06-15T10:58	working-tree	repository	-	-	keep	架构收敛	技能数量从14减少到4；安装脚本升级时清理旧目录和旧.skill文件	dry_run
